Weather_Database,City,Lat,Lng,Max Temp,Humidity,Cloudiness,Wind Speed,Country,Date,Current Description
0,Moerai,-22.43,-151.33,79.99,77,7,12.97,PF,2021-01-02 01:21:23,clear sky
1,Ponta Do Sol,32.67,-17.1,59.0,67,75,6.93,PT,2021-01-02 01:15:21,broken clouds
2,Georgetown,5.41,100.34,78.8,83,20,6.29,MY,2021-01-02 01:14:31,moderate rain
3,Nikolskoye,59.7,30.79,33.01,98,90,6.71,RU,2021-01-02 01:15:12,light shower snow
4,Punta Arenas,-53.15,-70.92,60.8,63,0,21.92,CL,2021-01-02 01:21:23,clear sky
5,Yellowknife,62.46,-114.35,-24.0,74,40,3.36,CA,2021-01-02 01:21:24,scattered clouds
6,Novoilinsk,51.68,108.71,-13.07,86,99,4.25,RU,2021-01-02 01:21:24,overcast clouds
7,Saint-Augustin,51.23,-58.65,5.97,85,0,15.7,CA,2021-01-02 01:21:24,clear sky
8,Port Alfred,-33.59,26.89,61.0,77,34,1.99,ZA,2021-01-02 01:21:25,scattered clouds
9,Hilo,19.73,-155.09,77.0,73,40,6.93,US,2021-01-02 01:17:22,light rain
10,Kargil,34.57,76.1,-6.32,59,0,1.54,IN,2021-01-02 01:21:25,clear sky
11,Shingu,33.73,135.98,42.8,70,75,12.75,JP,2021-01-02 01:21:26,broken clouds
12,Jamestown,42.1,-79.24,33.01,94,90,12.84,US,2021-01-02 01:21:26,light rain
13,Vila Franca Do Campo,37.72,-25.43,57.2,71,75,13.87,PT,2021-01-02 01:16:34,broken clouds
14,Hermanus,-34.42,19.23,60.01,78,0,1.99,ZA,2021-01-02 01:15:27,clear sky
15,Busselton,-33.65,115.33,71.01,59,2,8.99,AU,2021-01-02 01:21:27,clear sky
16,Kahului,20.89,-156.47,82.4,48,40,23.04,US,2021-01-02 01:16:11,scattered clouds
17,Fortuna,40.6,-124.16,52.0,100,90,10.29,US,2021-01-02 01:16:06,light rain
18,Ribeira Grande,38.52,-28.7,60.73,83,100,27.76,PT,2021-01-02 01:15:15,overcast clouds
19,Lebu,-37.62,-73.65,57.29,79,0,20.58,CL,2021-01-02 01:17:13,clear sky
20,Rocha,-34.48,-54.33,58.01,87,100,2.24,UY,2021-01-02 01:15:55,overcast clouds
21,Hasaki,35.73,140.83,41.0,48,20,1.12,JP,2021-01-02 01:14:22,few clouds
22,Salalah,17.02,54.09,73.4,73,40,1.12,OM,2021-01-02 01:21:28,scattered clouds
23,Puerto Ayora,-0.74,-90.35,73.0,92,34,1.99,EC,2021-01-02 01:14:57,scattered clouds
24,Hithadhoo,-0.6,73.08,81.84,73,1,7.0,MV,2021-01-02 01:10:15,moderate rain
25,Dukat,62.55,155.55,-32.96,82,100,5.75,RU,2021-01-02 01:21:29,overcast clouds
26,Mataura,-46.19,168.86,57.0,88,100,10.0,NZ,2021-01-02 01:14:56,moderate rain
27,Krasnoselkup,65.7,82.47,-25.51,86,62,5.39,RU,2021-01-02 01:17:36,broken clouds
28,Bustamante,26.53,-100.5,50.47,48,0,4.25,MX,2021-01-02 01:21:30,clear sky
29,Kodiak,57.79,-152.41,35.6,74,90,13.87,US,2021-01-02 01:16:12,light rain
30,Kapaa,22.08,-159.32,78.8,74,40,16.11,US,2021-01-02 01:15:12,scattered clouds
31,Urucara,-2.54,-57.76,75.79,91,100,2.26,BR,2021-01-02 01:21:31,overcast clouds
32,Qaanaaq,77.48,-69.36,-2.49,81,100,0.65,GL,2021-01-02 01:15:32,overcast clouds
33,Kem,64.96,34.58,25.75,99,100,7.99,RU,2021-01-02 01:21:31,overcast clouds
34,Khatanga,71.97,102.5,-8.46,90,100,14.14,RU,2021-01-02 01:15:55,light snow
35,Atuona,-9.8,-139.03,78.21,75,2,15.3,PF,2021-01-02 01:15:36,clear sky
36,Marabba,12.35,32.18,69.84,29,93,11.14,SD,2021-01-02 01:21:32,overcast clouds
37,Narsaq,60.92,-46.05,39.2,38,100,13.87,GL,2021-01-02 01:15:56,overcast clouds
38,Alyangula,-13.85,136.42,78.8,100,75,11.41,AU,2021-01-02 01:21:33,broken clouds
39,Tual,-5.67,132.75,84.63,73,100,12.46,ID,2021-01-02 01:17:52,light rain
40,Sibolga,1.74,98.78,75.9,85,100,4.16,ID,2021-01-02 01:17:42,light rain
41,Rikitea,-23.12,-134.97,78.15,69,95,11.27,PF,2021-01-02 01:14:55,overcast clouds
42,Toshkivka,48.78,38.58,37.08,94,89,7.81,UA,2021-01-02 01:21:34,overcast clouds
43,Ruidoso,33.33,-105.67,26.6,23,75,8.05,US,2021-01-02 01:21:34,broken clouds
44,Hobart,-42.88,147.33,78.01,49,20,8.05,AU,2021-01-02 01:12:18,few clouds
45,Provideniya,64.38,-173.3,17.29,95,100,21.45,RU,2021-01-02 01:16:46,snow
46,Albany,42.6,-73.97,30.99,77,100,8.68,US,2021-01-02 01:14:54,overcast clouds
47,Vaini,-21.2,-175.2,80.6,83,75,11.41,TO,2021-01-02 01:21:35,moderate rain
48,Necochea,-38.55,-58.74,64.99,62,0,11.7,AR,2021-01-02 01:17:14,clear sky
49,Fuxin,42.02,121.66,2.98,75,0,3.18,CN,2021-01-02 01:21:36,clear sky
50,Luderitz,-26.65,15.16,64.4,59,78,5.82,NA,2021-01-02 01:16:33,broken clouds
51,La Ronge,55.1,-105.28,19.4,85,91,4.7,CA,2021-01-02 01:17:50,overcast clouds
52,Saldanha,-33.01,17.94,57.2,67,0,8.05,ZA,2021-01-02 01:15:28,clear sky
53,Leh,34.17,77.58,1.89,56,0,1.54,IN,2021-01-02 01:21:37,clear sky
54,San Quintin,30.48,-115.95,58.93,49,0,3.24,MX,2021-01-02 01:18:22,clear sky
55,Arraial Do Cabo,-22.97,-42.03,73.0,92,100,8.77,BR,2021-01-02 01:14:51,overcast clouds
56,Butaritari,3.07,172.79,80.94,77,89,17.65,KI,2021-01-02 01:15:29,overcast clouds
57,Pochutla,15.74,-96.47,78.8,57,75,11.41,MX,2021-01-02 01:21:38,broken clouds
58,Grand Gaube,-20.01,57.66,75.99,76,0,7.0,MU,2021-01-02 01:16:49,clear sky
59,Ixtapa,20.7,-105.2,66.2,63,40,3.36,MX,2021-01-02 01:21:38,scattered clouds
60,Chuy,-33.7,-53.46,63.18,76,100,6.15,UY,2021-01-02 01:15:52,overcast clouds
61,Matamoros,25.53,-103.25,55.4,37,5,5.82,MX,2021-01-02 01:21:39,clear sky
62,Ballyhaunis,53.77,-8.77,32.0,77,65,5.99,IE,2021-01-02 01:21:39,broken clouds
63,Bengkulu,-3.8,102.27,79.72,74,100,5.01,ID,2021-01-02 01:12:30,overcast clouds
64,Dikson,73.51,80.55,9.43,96,100,18.54,RU,2021-01-02 01:15:25,light snow
65,Borba,-4.39,-59.59,76.33,85,0,2.68,BR,2021-01-02 01:21:40,clear sky
66,Mount Gambier,-37.83,140.77,77.0,57,3,6.93,AU,2021-01-02 01:15:44,clear sky
67,Saint-Philippe,-21.36,55.77,77.0,65,0,12.75,RE,2021-01-02 01:14:51,clear sky
68,Sur,22.57,59.53,67.71,46,0,10.16,OM,2021-01-02 01:15:19,clear sky
69,Maloy,61.94,5.11,34.0,95,100,12.75,NO,2021-01-02 01:21:41,light snow
70,Upernavik,72.79,-56.15,19.06,87,100,4.94,GL,2021-01-02 01:11:48,overcast clouds
71,Hamilton,39.18,-84.53,51.01,87,90,20.8,US,2021-01-02 01:11:17,overcast clouds
72,Manicore,-5.81,-61.3,76.37,91,28,2.1,BR,2021-01-02 01:21:42,scattered clouds
73,Healdsburg,38.61,-122.87,54.0,81,75,4.7,US,2021-01-02 01:21:42,broken clouds
74,Bambous Virieux,-20.34,57.76,77.0,73,40,11.41,MU,2021-01-02 01:15:20,scattered clouds
75,Erenhot,43.65,111.98,-10.61,84,0,7.76,CN,2021-01-02 01:21:43,clear sky
76,Cape Town,-33.93,18.42,64.99,62,0,4.7,ZA,2021-01-02 01:10:30,clear sky
77,Ossora,59.24,163.07,-0.47,89,100,19.39,RU,2021-01-02 01:21:43,overcast clouds
78,Superior,46.72,-92.1,21.2,85,90,4.7,US,2021-01-02 01:21:44,overcast clouds
79,Porto Walter,-8.27,-72.74,71.44,98,99,1.72,BR,2021-01-02 01:21:21,overcast clouds
80,Bilibino,68.05,166.44,-27.92,83,98,2.51,RU,2021-01-02 01:16:31,overcast clouds
81,Cody,44.53,-109.06,32.0,54,1,13.87,US,2021-01-02 01:21:45,clear sky
82,Ushuaia,-54.8,-68.3,64.4,42,40,12.75,AR,2021-01-02 01:14:51,scattered clouds
83,San Lorenzo De El Escorial,40.59,-4.15,37.0,72,36,10.0,ES,2021-01-02 01:21:45,light snow
84,Peterlee,54.76,-1.34,34.0,89,2,1.99,GB,2021-01-02 01:21:46,clear sky
85,Sistranda,63.73,8.83,35.6,74,0,96.64,NO,2021-01-02 01:21:46,clear sky
86,San Juan,-31.54,-68.54,87.53,26,0,3.78,AR,2021-01-02 01:18:21,clear sky
87,Kaitangata,-46.28,169.85,57.99,85,100,21.0,NZ,2021-01-02 01:16:00,overcast clouds
88,Boa Vista,2.82,-60.67,82.4,69,0,4.7,BR,2021-01-02 01:17:56,clear sky
89,Bredasdorp,-34.53,20.04,53.6,81,58,5.82,ZA,2021-01-02 01:14:59,broken clouds
90,Tiksi,71.69,128.87,-17.45,88,100,4.56,RU,2021-01-02 01:14:55,overcast clouds
91,Raudeberg,61.99,5.14,34.0,94,100,12.62,NO,2021-01-02 01:17:04,snow
92,Tulun,54.56,100.58,-20.09,86,28,1.99,RU,2021-01-02 01:21:48,scattered clouds
93,Berlevag,70.86,29.09,27.28,94,59,11.07,NO,2021-01-02 01:21:48,broken clouds
94,Mezen,65.85,44.24,11.44,95,100,9.62,RU,2021-01-02 01:21:48,light snow
95,Roald,62.58,6.13,32.0,96,90,11.41,NO,2021-01-02 01:21:48,snow
96,Fayetteville,35.05,-78.88,48.2,100,90,10.38,US,2021-01-02 01:20:21,light rain
97,Griffith,41.53,-87.42,33.8,100,90,9.69,US,2021-01-02 01:21:49,moderate rain
98,Huercal-Overa,37.39,-1.95,43.0,60,0,8.99,ES,2021-01-02 01:21:49,clear sky
99,Pucallpa,-8.38,-74.55,75.2,94,75,3.36,PE,2021-01-02 01:21:50,broken clouds
100,Beringovskiy,63.05,179.32,28.45,98,100,35.34,RU,2021-01-02 01:21:50,snow
101,Castro,-24.79,-50.01,62.35,97,61,8.16,BR,2021-01-02 01:15:12,broken clouds
102,Paita,-5.09,-81.11,68.86,81,100,8.99,PE,2021-01-02 01:21:50,overcast clouds
103,Chokurdakh,70.63,147.92,-32.58,85,0,2.46,RU,2021-01-02 01:15:41,clear sky
104,Surt,31.21,16.59,61.29,69,100,19.55,LY,2021-01-02 01:21:51,overcast clouds
105,Leningradskiy,69.38,178.42,-5.01,90,100,4.59,RU,2021-01-02 01:21:51,overcast clouds
106,Avarua,-21.21,-159.78,82.4,78,91,20.8,CK,2021-01-02 01:15:07,overcast clouds
107,Kavaratti,10.57,72.64,82.36,70,89,10.54,IN,2021-01-02 01:15:28,overcast clouds
108,Suifenhe,44.4,131.17,-10.79,82,0,5.12,CN,2021-01-02 01:21:52,clear sky
109,Arman,59.7,150.17,-9.08,79,0,12.35,RU,2021-01-02 01:17:11,clear sky
110,Escalerillas,22.13,-101.07,66.2,8,40,14.99,MX,2021-01-02 01:21:52,scattered clouds
111,Westport,41.14,-73.36,37.4,74,90,12.75,US,2021-01-02 01:17:27,moderate rain
112,Koslan,63.46,48.9,10.42,95,100,9.78,RU,2021-01-02 01:21:53,light snow
113,Port Lincoln,-34.73,135.87,66.92,64,24,16.22,AU,2021-01-02 01:15:21,few clouds
114,Klaksvik,62.23,-6.59,32.0,85,99,8.05,FO,2021-01-02 01:15:47,overcast clouds
115,Sao Jose Da Coroa Grande,-8.9,-35.15,78.8,78,74,9.35,BR,2021-01-02 01:16:48,broken clouds
116,Port Hardy,50.7,-127.42,46.4,100,75,4.7,CA,2021-01-02 01:16:45,light intensity shower rain
117,Luanda,-8.84,13.23,77.61,85,100,6.78,AO,2021-01-02 01:16:39,overcast clouds
118,Conceicao Do Araguaia,-8.26,-49.26,79.2,74,0,4.85,BR,2021-01-02 01:21:54,clear sky
119,Gouyave,12.16,-61.73,78.8,78,20,13.87,GD,2021-01-02 01:21:54,few clouds
120,Nikki,9.94,3.21,73.17,22,3,2.71,BJ,2021-01-02 01:21:55,clear sky
121,Sola,-13.88,167.55,87.8,79,40,5.82,VU,2021-01-02 01:15:58,scattered clouds
122,Victoria,22.29,114.16,55.99,39,0,1.01,HK,2021-01-02 01:12:03,clear sky
123,Isangel,-19.55,169.27,77.0,100,90,1.12,VU,2021-01-02 01:15:22,light intensity shower rain
124,Sao Filipe,14.9,-24.5,75.51,73,0,6.73,CV,2021-01-02 01:16:38,clear sky
125,Tasiilaq,65.61,-37.64,32.0,95,100,20.8,GL,2021-01-02 01:15:06,overcast clouds
126,Lavrentiya,65.58,-171.0,15.53,94,100,14.61,RU,2021-01-02 01:15:05,overcast clouds
127,Saskylakh,71.92,114.08,-9.42,89,100,17.11,RU,2021-01-02 01:21:56,light snow
128,Abu Samrah,35.3,37.18,54.19,60,95,3.89,SY,2021-01-02 01:21:57,overcast clouds
129,Keti Bandar,24.14,67.45,58.03,32,0,10.22,PK,2021-01-02 01:21:57,clear sky
130,Zyryanka,65.75,150.85,-27.72,85,100,8.57,RU,2021-01-02 01:18:09,overcast clouds
131,Lorengau,-2.02,147.27,85.86,71,100,9.64,PG,2021-01-02 01:16:34,overcast clouds
132,Nizhniy Tsasuchey,50.52,115.13,-9.87,85,10,8.46,RU,2021-01-02 01:21:58,clear sky
133,Sao Gabriel Da Cachoeira,-0.13,-67.09,74.77,94,84,1.63,BR,2021-01-02 01:21:58,broken clouds
134,Sovetskiy,61.36,63.58,-27.45,85,0,3.11,RU,2021-01-02 01:16:51,clear sky
135,Pevek,69.7,170.31,-18.67,89,100,5.5,RU,2021-01-02 01:15:15,overcast clouds
136,Tuktoyaktuk,69.45,-133.04,-23.8,74,20,10.29,CA,2021-01-02 01:15:23,few clouds
137,Mahebourg,-20.41,57.7,77.0,73,40,11.41,MU,2021-01-02 01:16:32,scattered clouds
138,Margate,51.38,1.39,39.99,90,96,1.99,GB,2021-01-02 01:17:29,overcast clouds
139,Quepos,9.42,-84.17,73.4,73,20,11.41,CR,2021-01-02 01:22:00,few clouds
140,Flinders,-34.58,150.86,69.01,87,99,4.0,AU,2021-01-02 01:22:00,overcast clouds
141,Codrington,-38.27,141.97,70.95,80,100,6.51,AU,2021-01-02 01:16:14,overcast clouds
142,New Norfolk,-42.78,147.06,78.01,43,53,1.01,AU,2021-01-02 01:15:18,broken clouds
143,Pierre,44.37,-100.35,37.4,59,1,4.7,US,2021-01-02 01:16:42,clear sky
144,Fukue,32.69,128.84,46.4,75,75,9.17,JP,2021-01-02 01:22:01,broken clouds
145,Tautira,-17.73,-149.15,87.8,55,20,4.7,PF,2021-01-02 01:17:53,few clouds
146,Carnarvon,-24.87,113.63,80.6,83,0,12.75,AU,2021-01-02 01:15:30,clear sky
147,Aklavik,68.22,-135.01,-11.2,76,12,4.7,CA,2021-01-02 01:15:35,few clouds
148,Barrow,71.29,-156.79,-5.8,76,90,13.87,US,2021-01-02 01:15:24,overcast clouds
149,Longyearbyen,78.22,15.64,37.4,59,40,23.04,SJ,2021-01-02 01:15:45,scattered clouds
150,Morondava,-20.28,44.28,79.54,73,10,0.49,MG,2021-01-02 01:22:05,clear sky
151,Namatanai,-3.67,152.43,85.91,61,75,7.27,PG,2021-01-02 01:16:39,broken clouds
152,Omboue,-1.57,9.26,77.72,88,100,5.5,GA,2021-01-02 01:22:06,overcast clouds
153,Halifax,44.65,-63.57,30.2,68,90,4.7,CA,2021-01-02 01:16:16,overcast clouds
154,Ballina,-28.87,153.57,80.6,65,75,9.17,AU,2021-01-02 01:15:13,broken clouds
155,Kacuni,44.06,17.94,42.8,83,40,9.17,BA,2021-01-02 01:22:06,scattered clouds
156,Bonavista,48.65,-53.11,17.6,72,100,4.7,CA,2021-01-02 01:16:19,overcast clouds
157,Jiuquan,39.74,98.52,12.15,76,100,3.87,CN,2021-01-02 01:17:30,overcast clouds
158,Bouna,9.27,-3.0,75.54,21,0,1.5,CI,2021-01-02 01:22:08,clear sky
159,Nouadhibou,20.93,-17.03,62.6,72,0,12.75,MR,2021-01-02 01:14:22,clear sky
160,Champerico,14.3,-91.92,80.6,78,75,6.93,GT,2021-01-02 01:22:08,broken clouds
161,Ucluelet,48.93,-125.55,48.99,93,90,8.05,CA,2021-01-02 01:21:09,mist
162,Mar Del Plata,-38.0,-57.56,66.0,63,0,4.7,AR,2021-01-02 01:14:57,clear sky
163,Mount Isa,-20.73,139.5,86.0,58,100,6.93,AU,2021-01-02 01:22:09,overcast clouds
164,Arica,-18.48,-70.3,69.8,73,0,8.05,CL,2021-01-02 01:22:09,clear sky
165,Dekar,-21.53,21.93,72.3,77,59,13.89,BW,2021-01-02 01:22:09,moderate rain
166,Bluff,-46.6,168.33,57.0,88,83,10.0,NZ,2021-01-02 01:15:01,broken clouds
167,Rancho Palos Verdes,33.74,-118.39,60.01,26,5,10.29,US,2021-01-02 01:22:10,clear sky
168,Srandakan,-7.94,110.25,79.16,77,96,5.59,ID,2021-01-02 01:22:10,overcast clouds
169,Chifeng,42.27,118.96,-6.21,83,0,5.3,CN,2021-01-02 01:22:11,clear sky
170,Geraldton,-28.77,114.6,80.6,51,0,9.17,AU,2021-01-02 01:16:38,clear sky
171,Iqaluit,63.75,-68.51,-14.01,68,20,5.82,CA,2021-01-02 01:15:51,few clouds
172,East London,-33.02,27.91,65.34,63,98,5.99,ZA,2021-01-02 01:16:29,overcast clouds
173,Benicarlo,40.42,0.43,39.99,65,20,21.0,ES,2021-01-02 01:22:12,few clouds
174,Matay,28.42,30.78,52.36,82,0,9.01,EG,2021-01-02 01:16:58,clear sky
175,Wooster,40.81,-81.94,41.0,100,90,6.93,US,2021-01-02 01:17:29,mist
176,Mehamn,71.04,27.85,25.66,93,0,8.41,NO,2021-01-02 01:17:51,clear sky
177,Aksu,41.12,80.26,10.2,90,0,0.78,CN,2021-01-02 01:18:23,clear sky
178,Asau,46.43,26.4,35.01,65,3,4.68,RO,2021-01-02 01:22:14,clear sky
179,Tabuk,17.42,121.44,69.87,84,100,3.94,PH,2021-01-02 01:22:14,overcast clouds
180,Pangnirtung,66.15,-65.71,-9.87,75,11,1.97,CA,2021-01-02 01:16:59,few clouds
181,Witu,-2.39,40.44,75.2,94,40,2.21,KE,2021-01-02 01:22:15,scattered clouds
182,College,64.86,-147.8,3.0,76,75,4.16,US,2021-01-02 01:17:06,broken clouds
183,Truro,50.27,-5.05,39.2,93,32,4.7,GB,2021-01-02 01:22:15,scattered clouds
184,Zaysan,47.47,84.87,-0.33,92,100,1.3,KZ,2021-01-02 01:17:02,light snow
185,Chapais,49.78,-74.85,21.2,85,90,8.05,CA,2021-01-02 01:14:59,overcast clouds
186,Northam,51.03,-4.22,39.99,87,27,5.01,GB,2021-01-02 01:22:16,scattered clouds
187,Saint George,37.1,-113.58,42.8,41,1,8.05,US,2021-01-02 01:14:13,clear sky
188,Port Elizabeth,-33.92,25.57,66.2,59,40,8.05,ZA,2021-01-02 01:11:05,scattered clouds
189,Thompson,55.74,-97.86,8.6,92,90,3.02,CA,2021-01-02 01:16:27,light snow
190,Lompoc,34.64,-120.46,55.4,76,1,11.41,US,2021-01-02 01:14:58,clear sky
191,Olafsvik,64.89,-23.71,39.78,92,100,24.16,IS,2021-01-02 01:17:33,overcast clouds
192,Alofi,-19.06,-169.92,82.4,78,99,4.7,NU,2021-01-02 01:17:09,overcast clouds
193,Hambantota,6.12,81.12,73.4,100,75,1.12,LK,2021-01-02 01:22:18,broken clouds
194,Shellbrook,53.22,-106.4,6.8,84,75,5.82,CA,2021-01-02 01:22:19,broken clouds
195,Kidal,18.44,1.41,68.88,29,0,9.35,ML,2021-01-02 01:22:19,clear sky
196,Quatre Cocos,-20.21,57.76,77.0,73,40,11.41,MU,2021-01-02 01:22:19,light rain
197,Anori,-3.77,-61.64,75.96,87,0,1.36,BR,2021-01-02 01:22:20,clear sky
198,Port Hedland,-20.32,118.57,91.4,52,23,10.29,AU,2021-01-02 01:16:10,few clouds
199,Wanning,18.8,110.4,57.88,62,25,9.4,CN,2021-01-02 01:22:20,scattered clouds
200,Pankrushikha,53.83,80.34,-30.55,84,44,2.86,RU,2021-01-02 01:22:20,scattered clouds
201,Kavieng,-2.57,150.8,85.24,69,29,11.32,PG,2021-01-02 01:15:35,scattered clouds
202,Pisco,-13.7,-76.22,69.8,83,0,17.22,PE,2021-01-02 01:15:02,clear sky
203,Cockburn Town,21.46,-71.14,77.0,57,40,13.87,TC,2021-01-02 01:15:39,scattered clouds
204,Sorong,-0.88,131.25,82.13,81,100,0.69,ID,2021-01-02 01:17:29,overcast clouds
205,Avera,33.19,-82.53,64.4,94,90,3.36,US,2021-01-02 01:17:39,moderate rain
206,Willowmore,-33.29,23.49,51.3,72,0,13.85,ZA,2021-01-02 01:22:23,clear sky
207,Raymond,43.9,-70.47,28.99,83,100,2.86,US,2021-01-02 01:22:23,overcast clouds
208,Kondoa,-4.9,35.78,63.28,93,99,3.4,TZ,2021-01-02 01:22:23,light rain
209,Souillac,-20.52,57.52,77.0,73,40,11.41,MU,2021-01-02 01:15:35,scattered clouds
210,Esperance,-33.87,121.9,62.6,67,90,14.99,AU,2021-01-02 01:15:36,overcast clouds
211,Labuhan,-6.88,112.21,80.73,78,100,5.08,ID,2021-01-02 01:18:03,overcast clouds
212,Washington,47.5,-120.5,36.0,90,90,3.04,US,2021-01-02 01:19:30,light snow
213,Dali,25.7,100.18,41.59,67,0,3.29,CN,2021-01-02 01:22:12,clear sky
214,Petropavlovsk-Kamchatskiy,53.05,158.65,17.6,57,13,6.71,RU,2021-01-02 01:22:25,few clouds
215,Nizhnyaya Poyma,56.16,97.19,-24.39,86,15,3.29,RU,2021-01-02 01:22:25,few clouds
216,Tarata,-17.62,-66.02,66.2,55,40,4.7,BO,2021-01-02 01:22:26,light rain
217,Rioja,-29.41,-66.85,83.5,46,15,8.34,AR,2021-01-02 01:22:26,few clouds
218,Airai,-8.93,125.41,71.35,90,77,1.61,TL,2021-01-02 01:15:08,light rain
219,Caravelas,-17.71,-39.25,75.09,86,0,5.86,BR,2021-01-02 01:15:28,clear sky
220,Bathsheba,13.22,-59.52,78.8,61,20,24.16,BB,2021-01-02 01:15:30,few clouds
221,Den Helder,52.96,4.76,39.99,93,40,2.24,NL,2021-01-02 01:17:53,scattered clouds
222,Sambava,-14.27,50.17,75.16,91,100,10.51,MG,2021-01-02 01:22:27,light rain
223,Pafos,34.77,32.42,55.4,66,100,9.17,CY,2021-01-02 01:22:28,light rain
224,Jalu,29.03,21.55,54.88,40,0,10.8,LY,2021-01-02 01:16:50,clear sky
225,Pokhvistnevo,53.65,52.13,13.33,96,100,8.3,RU,2021-01-02 01:22:29,overcast clouds
226,Victor Harbor,-35.57,138.62,77.0,63,72,3.0,AU,2021-01-02 01:22:29,broken clouds
227,Namibe,-15.2,12.15,69.33,78,100,3.22,AO,2021-01-02 01:16:41,overcast clouds
228,Gao,16.64,1.64,68.72,29,0,0.31,ML,2021-01-02 01:22:30,clear sky
229,Mayumba,-3.43,10.66,77.63,89,100,6.89,GA,2021-01-02 01:18:31,moderate rain
230,Bilma,18.69,12.92,60.62,26,0,2.08,NE,2021-01-02 01:16:54,clear sky
231,Torbay,47.67,-52.73,24.01,67,75,29.97,CA,2021-01-02 01:15:08,broken clouds
232,Lagoa,39.05,-27.98,59.27,79,100,25.9,PT,2021-01-02 01:15:17,overcast clouds
233,Port Hawkesbury,45.62,-61.35,26.01,73,1,3.36,CA,2021-01-02 01:22:31,clear sky
234,Desaguadero,-16.57,-69.04,49.78,73,94,10.33,PE,2021-01-02 01:22:31,light rain
235,Krasnyy Gulyay,54.03,48.33,15.8,100,90,11.18,RU,2021-01-02 01:22:32,light snow
236,Sioux Lookout,50.1,-91.92,21.2,92,90,5.82,CA,2021-01-02 01:22:32,mist
237,Henties Bay,-22.12,14.28,63.0,89,100,3.0,NA,2021-01-02 01:15:49,overcast clouds
238,Rotifunk,8.23,-12.68,75.11,93,1,2.93,SL,2021-01-02 01:22:33,clear sky
239,Panjab,34.39,67.02,7.39,44,0,3.53,AF,2021-01-02 01:22:33,clear sky
240,San Cristobal,7.77,-72.22,65.46,92,86,0.51,VE,2021-01-02 01:14:22,light rain
241,Vestmannaeyjar,63.44,-20.27,42.15,84,100,11.03,IS,2021-01-02 01:18:11,overcast clouds
242,Kinshasa,-4.32,15.32,77.0,88,95,2.24,CD,2021-01-02 01:22:35,overcast clouds
243,Bemidji,47.47,-94.88,19.99,100,75,4.63,US,2021-01-02 01:15:48,mist
244,Aboso,5.36,-1.95,74.79,96,1,3.27,GH,2021-01-02 01:22:36,clear sky
245,Itarema,-2.92,-39.92,79.72,82,84,12.08,BR,2021-01-02 01:22:36,broken clouds
246,Salinopolis,-0.61,-47.36,80.38,81,100,9.42,BR,2021-01-02 01:22:36,overcast clouds
247,Wabag,-5.48,143.7,65.37,82,85,3.53,PG,2021-01-02 01:22:37,moderate rain
248,Broome,42.25,-75.83,32.0,100,90,11.41,US,2021-01-02 01:16:20,freezing rain
249,Cabo San Lucas,22.89,-109.91,68.0,52,40,8.05,MX,2021-01-02 01:16:07,scattered clouds
250,Sitka,57.05,-135.33,42.8,56,75,9.17,US,2021-01-02 01:15:09,broken clouds
251,Yar-Sale,66.83,70.83,-27.27,83,37,7.4,RU,2021-01-02 01:22:38,scattered clouds
252,San Felipe,10.34,-68.74,70.77,92,55,4.52,VE,2021-01-02 01:22:19,broken clouds
253,Tapalpa,19.95,-103.77,46.29,57,35,1.12,MX,2021-01-02 01:22:38,scattered clouds
254,Le Mars,42.79,-96.17,19.0,92,1,6.53,US,2021-01-02 01:22:39,clear sky
255,Maneadero,31.72,-116.57,59.0,76,0,4.25,MX,2021-01-02 01:22:39,clear sky
256,Colombo,6.93,79.85,75.2,88,75,6.93,LK,2021-01-02 01:22:39,broken clouds
257,Landau,49.21,8.11,35.01,95,77,1.99,DE,2021-01-02 01:22:40,broken clouds
258,Bakel,14.9,-12.46,75.85,27,0,8.05,SN,2021-01-02 01:22:40,clear sky
259,Xiongzhou,25.12,114.3,43.07,54,0,2.98,CN,2021-01-02 01:22:40,clear sky
260,Atambua,-9.11,124.89,82.31,75,96,3.27,ID,2021-01-02 01:22:41,overcast clouds
261,Yinchuan,38.47,106.27,16.7,83,0,6.51,CN,2021-01-02 01:22:41,clear sky
262,Mahibadhoo,3.78,72.97,80.96,80,99,12.12,MV,2021-01-02 01:15:46,moderate rain
263,Marsh Harbour,26.54,-77.06,74.61,79,15,15.3,BS,2021-01-02 01:22:41,few clouds
264,Chalus,36.66,51.42,37.4,93,40,2.53,IR,2021-01-02 01:22:42,scattered clouds
265,Aguimes,27.91,-15.45,60.8,77,40,11.41,ES,2021-01-02 01:22:42,scattered clouds
266,Zhezkazgan,47.8,67.71,-6.32,90,0,7.47,KZ,2021-01-02 01:22:42,clear sky
267,Siddipet,18.1,78.85,61.29,96,26,6.58,IN,2021-01-02 01:22:43,scattered clouds
268,Chara,56.91,118.26,-24.88,77,60,0.76,RU,2021-01-02 01:22:43,broken clouds
269,Fukuma,33.77,130.47,42.01,86,75,11.41,JP,2021-01-02 01:21:42,broken clouds
270,Vao,-22.67,167.48,75.87,90,100,12.71,NC,2021-01-02 01:15:21,heavy intensity rain
271,Ahipara,-35.17,173.17,70.25,74,100,7.49,NZ,2021-01-02 01:16:43,overcast clouds
272,Colina,-20.71,-48.54,70.57,87,10,3.42,BR,2021-01-02 01:22:44,light rain
273,Mongu,-15.25,23.13,67.3,92,100,4.54,ZM,2021-01-02 01:22:44,overcast clouds
274,Grafton,42.21,-71.69,33.01,95,90,4.7,US,2021-01-02 01:22:44,light snow
275,Turukhansk,65.82,87.98,-28.1,86,97,2.53,RU,2021-01-02 01:17:32,overcast clouds
276,Ati,13.22,18.34,75.43,19,25,8.93,TD,2021-01-02 01:22:45,scattered clouds
277,Vigrestad,58.57,5.7,32.0,83,20,9.17,NO,2021-01-02 01:22:45,few clouds
278,Guerrero Negro,27.98,-114.06,60.17,50,0,8.86,MX,2021-01-02 01:16:29,clear sky
279,Anchorage,61.22,-149.9,14.0,92,1,3.36,US,2021-01-02 01:20:20,clear sky
280,Severo-Kurilsk,50.68,156.12,28.8,95,100,18.3,RU,2021-01-02 01:14:55,overcast clouds
281,Coquimbo,-29.95,-71.34,60.8,82,15,10.29,CL,2021-01-02 01:17:14,few clouds
282,Akyab,20.15,92.9,64.87,80,1,5.26,MM,2021-01-02 01:22:46,clear sky
283,Garcia,25.82,-100.58,50.0,61,40,7.78,MX,2021-01-02 01:22:47,scattered clouds
284,Lanxi,29.22,119.48,37.0,70,0,1.72,CN,2021-01-02 01:22:47,clear sky
285,Tecoanapa,16.52,-98.75,75.13,67,0,6.46,MX,2021-01-02 01:22:47,clear sky
286,Faanui,-16.48,-151.75,81.05,75,29,19.71,PF,2021-01-02 01:15:49,scattered clouds
287,Hernani,43.27,-1.98,39.2,86,75,11.41,ES,2021-01-02 01:22:48,light rain
288,Makueni,-1.8,37.62,60.89,95,100,2.84,KE,2021-01-02 01:22:48,overcast clouds
289,Nioro,13.35,-15.75,78.12,25,0,9.53,GM,2021-01-02 01:22:48,clear sky
290,Port Augusta,-32.5,137.77,86.0,68,40,21.92,AU,2021-01-02 01:17:53,scattered clouds
291,Gusinoye Ozero,51.11,106.26,-12.23,83,55,5.5,RU,2021-01-02 01:22:49,broken clouds
292,Bagdarin,54.43,113.6,-17.86,81,87,3.42,RU,2021-01-02 01:22:49,overcast clouds
293,Portland,45.52,-122.68,48.99,89,100,4.0,US,2021-01-02 01:15:34,moderate rain
294,Walvis Bay,-22.96,14.51,63.0,82,100,11.41,NA,2021-01-02 01:16:18,overcast clouds
295,Nisia Floresta,-6.09,-35.21,78.8,78,20,10.29,BR,2021-01-02 01:22:50,few clouds
296,Luzilandia,-3.46,-42.37,75.99,89,100,2.55,BR,2021-01-02 01:20:03,light rain
297,Makakilo City,21.35,-158.09,84.2,51,40,12.75,US,2021-01-02 01:22:51,scattered clouds
298,Pushkinskiye Gory,57.02,28.91,34.11,100,100,3.49,RU,2021-01-02 01:22:51,snow
299,Norman Wells,65.28,-126.83,-14.8,75,20,8.05,CA,2021-01-02 01:15:01,few clouds
300,The Valley,18.22,-63.06,78.8,57,40,13.87,AI,2021-01-02 01:22:52,scattered clouds
301,Tela,15.78,-87.45,80.6,88,0,2.24,HN,2021-01-02 01:19:29,clear sky
302,Melo,-32.37,-54.18,64.67,67,100,9.98,UY,2021-01-02 01:22:52,overcast clouds
303,Nalvo,16.81,120.51,77.99,62,2,2.06,PH,2021-01-02 01:22:53,clear sky
304,Port-Gentil,-0.72,8.78,81.18,79,100,9.55,GA,2021-01-02 01:22:53,overcast clouds
305,Najran,17.49,44.13,59.0,51,0,4.07,SA,2021-01-02 01:19:02,clear sky
306,Jurm,36.86,70.83,24.35,50,0,6.35,AF,2021-01-02 01:22:53,clear sky
307,Znamenskoye,57.13,73.83,-25.76,85,43,3.02,RU,2021-01-02 01:22:54,scattered clouds
308,Ancud,-41.87,-73.82,59.0,62,90,4.7,CL,2021-01-02 01:17:28,overcast clouds
309,Mackay,-21.15,149.2,78.8,94,75,9.17,AU,2021-01-02 01:22:54,broken clouds
310,Inhambane,-23.86,35.38,71.6,100,75,10.29,MZ,2021-01-02 01:22:55,light rain
311,Mazagao,-0.12,-51.29,84.2,79,75,5.82,BR,2021-01-02 01:18:16,broken clouds
312,Angoche,-16.23,39.91,77.41,82,14,5.19,MZ,2021-01-02 01:22:55,few clouds
313,Clyde River,70.47,-68.59,-16.6,68,1,3.36,CA,2021-01-02 01:15:53,clear sky
314,Belaya Gora,68.53,146.42,-30.26,85,0,4.07,RU,2021-01-02 01:22:56,clear sky
315,Kamenka,51.32,42.77,27.0,96,100,11.79,RU,2021-01-02 01:16:58,overcast clouds
316,Kargasok,59.06,80.86,-30.71,85,0,2.8,RU,2021-01-02 01:22:56,clear sky
317,Port-De-Bouc,43.4,4.98,42.8,80,75,16.11,FR,2021-01-02 01:22:57,broken clouds
318,Touros,-5.2,-35.46,77.0,83,20,6.93,BR,2021-01-02 01:15:06,few clouds
319,Takoradi,4.88,-1.76,79.25,86,98,9.48,GH,2021-01-02 01:22:57,overcast clouds
320,Grand-Lahou,5.14,-5.02,78.84,88,0,9.91,CI,2021-01-02 01:22:57,clear sky
321,Svetlogorsk,52.63,29.73,36.03,89,100,13.82,BY,2021-01-02 01:22:58,overcast clouds
322,Bima,-8.47,118.72,84.24,69,71,2.46,ID,2021-01-02 01:22:58,broken clouds
323,Nagaur,27.2,73.73,55.44,56,95,10.09,IN,2021-01-02 01:22:59,overcast clouds
324,Tuatapere,-46.13,167.68,57.99,87,100,13.0,NZ,2021-01-02 01:15:26,light rain
325,Faya,18.39,42.45,53.6,81,0,2.59,SA,2021-01-02 01:15:47,clear sky
326,Muroto,33.28,134.15,37.4,69,75,5.82,JP,2021-01-02 01:22:59,broken clouds
327,Hirara,24.8,125.28,62.6,67,75,13.87,JP,2021-01-02 01:17:10,broken clouds
328,San Isidro,-12.12,-77.05,70.0,83,75,14.99,PE,2021-01-02 01:23:00,broken clouds
329,Launceston,-41.45,147.17,69.01,52,75,5.82,AU,2021-01-02 01:23:01,broken clouds
330,Bethel,41.37,-73.41,33.8,74,90,3.36,US,2021-01-02 01:12:26,snow
331,Freetown,8.48,-13.23,78.46,84,5,7.2,SL,2021-01-02 01:23:01,clear sky
332,Coihaique,-45.58,-72.07,62.6,42,20,9.17,CL,2021-01-02 01:15:17,few clouds
333,Dong Hoi,17.48,106.6,59.76,73,98,10.2,VN,2021-01-02 01:23:04,overcast clouds
334,Montepuez,-13.13,39.0,67.19,98,99,1.03,MZ,2021-01-02 01:23:04,moderate rain
335,Xining,36.62,101.77,10.76,70,49,2.17,CN,2021-01-02 01:16:43,scattered clouds
336,Chino Valley,34.76,-112.45,41.0,35,1,1.43,US,2021-01-02 01:23:05,clear sky
337,Hami,42.8,93.45,15.42,78,100,1.25,CN,2021-01-02 01:23:06,overcast clouds
338,Yaan,7.38,8.57,79.86,33,100,4.97,NG,2021-01-02 01:23:06,overcast clouds
339,Durango,24.83,-104.83,42.49,54,0,6.4,MX,2021-01-02 01:22:35,clear sky
340,Mathbaria,22.29,89.96,58.32,67,42,3.98,BD,2021-01-02 01:23:07,scattered clouds
341,Capreol,46.71,-80.92,27.0,79,90,6.93,CA,2021-01-02 01:23:08,overcast clouds
342,Campbellsville,37.34,-85.34,60.8,63,1,9.17,US,2021-01-02 01:23:08,clear sky
343,Tarrafal,15.28,-23.77,71.6,88,0,11.41,CV,2021-01-02 01:23:08,clear sky
344,Sakakah,29.97,40.21,48.2,76,0,5.82,SA,2021-01-02 01:23:09,clear sky
345,Buraydah,26.33,43.98,57.2,93,20,9.17,SA,2021-01-02 01:18:29,few clouds
346,Te Anau,-45.42,167.72,54.14,92,100,2.95,NZ,2021-01-02 01:16:04,light rain
347,Dhidhdhoo,6.88,73.1,81.9,73,100,10.71,MV,2021-01-02 01:23:09,heavy intensity rain
348,Mantua,45.17,10.78,43.0,94,100,1.01,IT,2021-01-02 01:23:10,light rain
349,Ilulissat,69.22,-51.1,19.4,52,100,1.12,GL,2021-01-02 01:18:22,overcast clouds
350,Friedberg,48.36,10.98,33.01,98,100,2.24,DE,2021-01-02 01:23:11,overcast clouds
351,Broken Hill,-31.95,141.43,80.6,51,75,14.99,AU,2021-01-02 01:18:23,broken clouds
352,Tilichiki,60.47,166.1,-5.57,90,100,17.67,RU,2021-01-02 01:18:14,overcast clouds
353,Cidreira,-30.18,-50.21,69.8,63,0,12.84,BR,2021-01-02 01:15:32,clear sky
354,Viking,53.1,-111.77,23.0,85,99,9.17,CA,2021-01-02 01:23:12,overcast clouds
355,Waipawa,-41.41,175.52,72.0,73,94,18.34,NZ,2021-01-02 01:17:17,overcast clouds
356,Batemans Bay,-35.72,150.18,66.99,79,100,1.99,AU,2021-01-02 01:23:13,overcast clouds
357,Bambanglipuro,-7.95,110.28,78.98,77,96,5.44,ID,2021-01-02 01:23:13,overcast clouds
358,Vila,42.03,-8.16,30.99,95,62,1.99,PT,2021-01-02 01:23:14,light snow
359,San Luis,-33.3,-66.34,80.92,33,50,11.68,AR,2021-01-02 01:17:36,scattered clouds
360,Ormara,25.21,64.64,61.68,30,0,10.54,PK,2021-01-02 01:17:00,clear sky
361,Saint Anthony,45.02,-93.22,24.8,79,90,4.88,US,2021-01-02 01:16:26,overcast clouds
362,Predivinsk,57.07,93.44,-23.67,85,11,1.25,RU,2021-01-02 01:23:15,few clouds
363,Aleksandrov Gay,50.15,48.57,15.96,95,100,8.63,RU,2021-01-02 01:23:15,overcast clouds
364,Banda Aceh,5.56,95.32,78.57,81,46,11.34,ID,2021-01-02 01:19:02,scattered clouds
365,Ifakara,-8.13,36.68,71.71,93,100,0.29,TZ,2021-01-02 01:23:16,light rain
366,Apiai,-24.51,-48.84,61.66,100,88,3.24,BR,2021-01-02 01:23:16,overcast clouds
367,Beberibe,-4.18,-38.13,80.6,83,20,10.29,BR,2021-01-02 01:23:16,few clouds
368,Ginir,7.13,40.7,56.68,66,0,4.29,ET,2021-01-02 01:16:19,clear sky
369,Porto Novo,6.5,2.6,84.2,79,40,14.99,BJ,2021-01-02 01:15:48,scattered clouds
370,Puerto Concordia,2.62,-72.76,74.98,92,99,4.52,CO,2021-01-02 01:23:17,overcast clouds
371,Saint-Francois,46.42,3.91,30.2,86,90,4.7,FR,2021-01-02 01:15:34,overcast clouds
372,Rio Gallegos,-51.62,-69.22,69.8,49,20,3.36,AR,2021-01-02 01:22:43,few clouds
373,Tateyama,34.98,139.87,48.99,57,20,13.87,JP,2021-01-02 01:23:18,few clouds
374,Husavik,66.04,-17.34,28.4,79,40,3.36,IS,2021-01-02 01:15:20,scattered clouds
375,Catuday,16.29,119.81,76.84,74,3,9.51,PH,2021-01-02 01:23:18,clear sky
376,Lancut,50.07,22.23,37.99,85,0,3.36,PL,2021-01-02 01:23:19,clear sky
377,Izvoarele Sucevei,47.75,25.18,30.99,85,51,5.68,RO,2021-01-02 01:23:19,broken clouds
378,Teya,60.38,92.63,-20.52,84,85,1.63,RU,2021-01-02 01:16:14,overcast clouds
379,Roma,43.21,-75.46,28.99,86,90,12.75,US,2021-01-02 01:13:42,snow
380,Minna,9.61,6.56,75.85,26,37,4.63,NG,2021-01-02 01:23:20,scattered clouds
381,Nuuk,64.18,-51.72,24.8,73,100,4.7,GL,2021-01-02 01:21:29,overcast clouds
382,Samarai,-10.62,150.67,86.4,72,91,16.17,PG,2021-01-02 01:18:21,overcast clouds
383,Arlit,18.74,7.39,70.18,23,0,2.86,NE,2021-01-02 01:23:21,clear sky
384,Moree,-29.47,149.85,82.4,51,40,12.75,AU,2021-01-02 01:23:21,scattered clouds
385,Shenjiamen,29.96,122.3,41.9,61,0,12.17,CN,2021-01-02 01:17:50,clear sky
386,Karratha,-20.74,116.85,91.58,46,19,9.93,AU,2021-01-02 01:23:22,few clouds
387,Blatec,41.84,22.58,36.59,78,0,3.4,MK,2021-01-02 01:23:22,clear sky
388,Naze,28.37,129.48,60.8,77,40,9.17,JP,2021-01-02 01:17:38,scattered clouds
389,Sisimiut,66.94,-53.67,13.53,87,100,3.96,GL,2021-01-02 01:23:23,overcast clouds
390,La Colmena,-25.88,-56.82,71.37,50,0,3.89,PY,2021-01-02 01:23:23,clear sky
391,Honiara,-9.43,159.95,87.8,70,40,4.7,SB,2021-01-02 01:16:52,scattered clouds
392,Kutum,14.2,24.67,56.34,33,1,5.17,SD,2021-01-02 01:17:14,clear sky
393,Ambunti,-4.24,142.84,91.72,55,92,0.96,PG,2021-01-02 01:23:24,overcast clouds
394,Watsa,3.04,29.54,65.61,97,100,2.93,CD,2021-01-02 01:23:25,overcast clouds
395,Pringsewu,-5.36,104.97,78.69,82,66,1.81,ID,2021-01-02 01:23:25,broken clouds
396,Altamira,-3.2,-52.21,75.42,82,2,1.79,BR,2021-01-02 01:16:20,clear sky
397,Buala,-8.14,159.59,86.81,62,99,5.44,SB,2021-01-02 01:23:26,overcast clouds
398,Havre-Saint-Pierre,50.23,-63.6,14.0,72,90,13.87,CA,2021-01-02 01:17:01,overcast clouds
399,Hermagor,46.63,13.37,44.01,98,100,1.54,AT,2021-01-02 01:23:26,overcast clouds
400,Limenaria,40.63,24.58,48.99,75,0,4.72,GR,2021-01-02 01:23:27,clear sky
401,Aswan,24.09,32.91,57.31,38,0,8.79,EG,2021-01-02 01:23:27,clear sky
402,Dutse,11.76,9.34,67.98,25,0,6.4,NG,2021-01-02 01:23:27,clear sky
403,Oranjemund,-28.55,16.43,62.55,74,0,8.23,NA,2021-01-02 01:23:28,clear sky
404,North Bend,43.41,-124.22,50.0,93,90,8.05,US,2021-01-02 01:23:28,overcast clouds
405,Indianola,41.36,-93.56,21.99,82,99,9.73,US,2021-01-02 01:23:29,overcast clouds
406,Nicoya,10.15,-85.45,80.6,69,40,10.29,CR,2021-01-02 01:23:29,scattered clouds
407,Kapuskasing,49.42,-82.43,26.6,86,89,4.7,CA,2021-01-02 01:23:29,overcast clouds
408,Garissa,-0.45,39.64,76.48,79,17,8.16,KE,2021-01-02 01:23:30,few clouds
409,Gresham,45.5,-122.43,48.99,90,100,1.01,US,2021-01-02 01:23:30,moderate rain
410,Maniitsoq,65.42,-52.9,20.41,85,100,4.88,GL,2021-01-02 01:16:48,overcast clouds
411,Pine Bluff,34.23,-92.0,42.01,80,90,5.82,US,2021-01-02 01:20:28,overcast clouds
412,Moanda,-1.56,13.22,70.95,94,100,2.71,GA,2021-01-02 01:23:31,overcast clouds
413,Maceio,-9.67,-35.74,73.4,94,20,3.36,BR,2021-01-02 01:13:47,few clouds
414,Marzuq,14.4,46.47,58.24,57,98,2.01,YE,2021-01-02 01:17:46,overcast clouds
415,Neiafu,-18.65,-173.98,82.4,83,75,5.82,TO,2021-01-02 01:16:44,light rain
416,Okrika,4.74,7.08,78.93,85,100,4.61,NG,2021-01-02 01:23:32,overcast clouds
417,Armidale,-30.52,151.65,69.01,83,100,5.01,AU,2021-01-02 01:23:32,overcast clouds
418,Fairbanks,64.84,-147.72,3.0,69,40,3.8,US,2021-01-02 01:23:33,scattered clouds
419,Ostrovnoy,68.05,39.51,16.56,94,100,12.46,RU,2021-01-02 01:16:52,overcast clouds
420,Bandarbeyla,9.49,50.81,74.16,69,84,17.56,SO,2021-01-02 01:16:30,broken clouds
421,Otane,-39.88,176.63,80.4,37,12,4.21,NZ,2021-01-02 01:23:34,light rain
422,Antalaha,-14.9,50.28,74.57,89,100,6.71,MG,2021-01-02 01:23:34,light rain
423,San Vicente,-26.62,-54.13,68.85,63,0,4.14,AR,2021-01-02 01:23:34,light rain
424,Hoshcha,50.6,26.67,33.31,93,0,6.64,UA,2021-01-02 01:23:35,clear sky
425,San Patricio,28.02,-97.52,57.2,62,75,4.7,US,2021-01-02 01:15:12,broken clouds
426,Nanortalik,60.14,-45.24,30.27,95,100,18.07,GL,2021-01-02 01:16:31,snow
427,Yerbogachen,61.28,108.01,-30.78,81,17,3.76,RU,2021-01-02 01:23:36,few clouds
428,Tobermory,45.25,-81.67,33.8,80,100,17.22,CA,2021-01-02 01:23:36,snow
429,Tallahassee,30.44,-84.28,69.8,100,90,3.36,US,2021-01-02 01:23:23,light rain
430,Blagoyevo,63.37,47.92,13.23,95,100,8.97,RU,2021-01-02 01:23:37,overcast clouds
431,Camacha,33.08,-16.33,57.2,76,40,1.12,PT,2021-01-02 01:15:58,scattered clouds
432,Manuk Mangkaw,4.8,119.85,81.66,80,100,12.24,PH,2021-01-02 01:23:37,overcast clouds
433,Orlik,52.52,99.83,-16.46,81,97,1.95,RU,2021-01-02 01:23:38,overcast clouds
434,Xam Nua,20.42,104.04,44.06,77,1,1.83,LA,2021-01-02 01:23:38,clear sky
435,Myronivka,49.66,30.98,36.48,90,0,8.46,UA,2021-01-02 01:23:38,clear sky
436,Berlin,52.52,13.41,37.0,86,90,6.93,DE,2021-01-02 01:22:05,overcast clouds
437,Jaciara,-15.97,-54.97,76.66,65,0,0.83,BR,2021-01-02 01:23:39,clear sky
438,Gambela,8.25,34.58,78.13,54,100,1.3,ET,2021-01-02 01:23:39,overcast clouds
439,Winnemucca,40.97,-117.74,37.4,59,40,3.36,US,2021-01-02 01:23:39,scattered clouds
440,Lukovetskiy,64.3,41.92,17.6,85,90,8.95,RU,2021-01-02 01:23:39,light snow
441,Eyl,7.98,49.82,71.69,76,89,15.19,SO,2021-01-02 01:23:40,overcast clouds
442,Jizan,17.33,42.67,75.2,78,91,5.82,SA,2021-01-02 01:23:40,overcast clouds
443,Acapulco,16.86,-99.89,80.6,61,5,5.82,MX,2021-01-02 01:15:37,clear sky
444,Jilin,43.0,126.0,-1.28,77,52,2.91,CN,2021-01-02 01:23:41,broken clouds
445,Taguatinga,-12.39,-46.57,79.11,58,28,2.89,BR,2021-01-02 01:23:41,scattered clouds
446,Alexander City,32.94,-85.95,62.6,100,1,5.79,US,2021-01-02 01:23:42,clear sky
447,Nome,64.5,-165.41,24.8,68,40,18.34,US,2021-01-02 01:23:42,scattered clouds
448,Innisfail,-17.53,146.03,82.08,74,100,4.79,AU,2021-01-02 01:23:42,overcast clouds
449,La Orilla,17.98,-102.23,71.22,63,0,7.31,MX,2021-01-02 01:23:42,clear sky
450,Labuan,5.28,115.24,78.8,94,20,2.46,MY,2021-01-02 01:17:49,few clouds
451,Bubaque,11.28,-15.83,80.08,68,0,13.13,GW,2021-01-02 01:16:15,clear sky
452,Cherskiy,68.75,161.3,-38.13,82,88,1.32,RU,2021-01-02 01:16:22,overcast clouds
453,Uvat,59.14,68.9,-27.83,85,26,1.48,RU,2021-01-02 01:23:44,scattered clouds
454,Kruisfontein,-34.0,24.73,62.01,75,0,1.99,ZA,2021-01-02 01:17:17,clear sky
455,Marsa Matruh,31.35,27.25,51.8,81,0,5.91,EG,2021-01-02 01:23:44,clear sky
456,Eureka,40.8,-124.16,52.0,92,100,1.01,US,2021-01-02 01:18:46,overcast clouds
457,Wiarton,44.74,-81.13,32.0,92,90,5.82,CA,2021-01-02 01:23:45,snow
458,Along,28.17,94.77,46.24,55,99,1.88,IN,2021-01-02 01:17:14,overcast clouds
459,Fallon,39.47,-118.78,42.8,52,20,8.05,US,2021-01-02 01:14:02,few clouds
460,Sinjar,36.32,41.88,46.29,56,17,2.17,IQ,2021-01-02 01:23:46,few clouds
461,Podgornoye,51.73,39.15,32.0,98,90,11.18,RU,2021-01-02 01:23:46,shower drizzle
462,Hammerfest,70.66,23.68,28.4,86,75,12.75,NO,2021-01-02 01:23:46,broken clouds
463,Basoko,1.24,23.62,71.91,88,94,4.9,CD,2021-01-02 01:23:47,overcast clouds
464,Japura,-0.32,102.35,73.29,97,100,1.92,ID,2021-01-02 01:16:49,light rain
465,Morant Bay,17.88,-76.41,80.6,61,20,23.04,JM,2021-01-02 01:23:47,few clouds
466,Bodden Town,19.28,-81.25,79.0,83,0,8.05,KY,2021-01-02 01:23:47,clear sky
467,Prince Rupert,54.32,-130.32,44.6,75,90,8.05,CA,2021-01-02 01:14:52,light rain
468,Kaoma,-14.78,24.8,66.16,94,100,5.08,ZM,2021-01-02 01:23:48,moderate rain
469,Popondetta,-8.75,148.25,88.65,57,100,4.43,PG,2021-01-02 01:23:48,moderate rain
470,George,-33.96,22.46,55.4,82,0,8.05,ZA,2021-01-02 01:23:48,clear sky
471,Baghdad,33.34,44.4,46.4,75,0,4.7,IQ,2021-01-02 01:20:39,mist
472,Mareeba,-17.0,145.43,90.0,74,40,4.7,AU,2021-01-02 01:23:49,moderate rain
473,Camacari,-12.7,-38.32,82.4,69,20,13.87,BR,2021-01-02 01:23:05,few clouds
474,Muchkapskiy,51.85,42.47,29.32,98,100,11.72,RU,2021-01-02 01:23:50,overcast clouds
475,Kaeo,-35.1,173.78,68.88,85,97,7.2,NZ,2021-01-02 01:23:50,overcast clouds
476,Bikin,46.82,134.26,-13.72,83,39,5.08,RU,2021-01-02 01:23:50,scattered clouds
477,Kano,12.0,8.52,59.0,51,0,2.24,NG,2021-01-02 01:23:51,clear sky
478,Camopi,3.17,-52.32,74.1,97,100,2.51,GF,2021-01-02 01:23:51,overcast clouds
479,Mandiana,10.63,-8.68,72.52,22,0,1.72,GN,2021-01-02 01:23:52,clear sky
480,Arivonimamo,-19.02,47.18,64.4,88,75,5.82,MG,2021-01-02 01:23:52,broken clouds
481,Berbera,10.44,45.01,73.67,78,100,4.14,SO,2021-01-02 01:23:53,overcast clouds
482,Hatfield,51.76,-0.22,39.0,93,90,10.29,GB,2021-01-02 01:23:53,overcast clouds
483,Nyurba,63.28,118.33,-19.61,87,97,5.3,RU,2021-01-02 01:18:11,overcast clouds
484,Neuquen,-38.95,-68.06,87.8,45,20,2.24,AR,2021-01-02 01:19:15,few clouds
485,Port-Cartier,50.03,-66.87,14.0,66,86,5.82,CA,2021-01-02 01:23:54,overcast clouds
486,Salihorsk,52.79,27.54,31.14,96,10,9.64,BY,2021-01-02 01:23:54,clear sky
487,Tarakan,3.3,117.63,78.8,94,40,7.02,ID,2021-01-02 01:18:15,scattered clouds
488,Tamiahua,21.27,-97.45,67.35,86,100,6.49,MX,2021-01-02 01:23:55,light rain
489,Isla Mujeres,21.23,-86.73,80.01,83,40,11.41,MX,2021-01-02 01:23:55,light rain
490,Bardiyah,31.76,25.09,58.66,51,0,8.14,LY,2021-01-02 01:23:55,clear sky
491,Weirton,40.42,-80.59,41.0,86,75,9.17,US,2021-01-02 01:20:14,broken clouds
492,Benjamin Constant,-4.38,-70.03,80.6,83,75,4.7,BR,2021-01-02 01:19:38,moderate rain
493,Pacific Grove,36.62,-121.92,55.99,76,1,5.82,US,2021-01-02 01:15:06,clear sky
494,Dokka,60.84,10.06,23.5,94,98,2.8,NO,2021-01-02 01:23:57,light snow
495,Manyana,-23.4,21.72,70.14,79,43,8.41,BW,2021-01-02 01:23:57,light rain
496,Choix,26.71,-108.32,55.9,64,16,0.56,MX,2021-01-02 01:23:57,light rain
497,Sinnamary,5.38,-52.95,78.44,86,100,6.24,GF,2021-01-02 01:16:23,overcast clouds
498,Sidi Ali,36.1,0.42,45.27,66,31,3.96,DZ,2021-01-02 01:23:58,scattered clouds
499,Xique-Xique,-10.82,-42.73,79.97,56,2,5.41,BR,2021-01-02 01:23:58,clear sky
500,Rio Grande,-32.03,-52.1,73.0,67,6,4.0,BR,2021-01-02 01:23:58,clear sky
501,Yayva,59.33,57.26,-2.0,80,100,5.01,RU,2021-01-02 01:23:59,overcast clouds
502,Yalvac,38.3,31.18,37.96,85,0,2.04,TR,2021-01-02 01:24:00,clear sky
503,Pemangkat,1.17,108.97,78.67,85,100,6.29,ID,2021-01-02 01:24:00,overcast clouds
504,Lasa,46.62,10.7,30.99,92,90,2.24,IT,2021-01-02 01:17:21,light snow
505,Shatrovo,56.52,64.63,-19.34,87,73,5.59,RU,2021-01-02 01:24:02,broken clouds
506,Saint-Joseph,-21.37,55.62,77.0,65,0,12.75,RE,2021-01-02 01:16:53,clear sky
507,Menongue,-14.66,17.69,62.02,93,100,5.37,AO,2021-01-02 01:24:03,overcast clouds
508,Yulara,-25.24,130.99,93.2,13,0,14.99,AU,2021-01-02 01:15:15,clear sky
509,Tanabi,-20.63,-49.65,77.0,65,40,4.7,BR,2021-01-02 01:24:04,thunderstorm
510,Lerwick,60.15,-1.15,35.6,93,93,9.17,GB,2021-01-02 01:24:05,overcast clouds
511,Grindavik,63.84,-22.43,35.6,100,75,16.11,IS,2021-01-02 01:24:05,light intensity drizzle
512,Dudinka,69.41,86.18,-20.2,75,20,15.66,RU,2021-01-02 01:24:05,haze
513,Monrovia,6.3,-10.8,77.0,100,20,8.55,LR,2021-01-02 01:24:06,few clouds
514,Dicabisagan,17.08,122.42,74.3,83,100,11.27,PH,2021-01-02 01:24:06,overcast clouds
515,Skjervoy,70.03,20.97,30.76,90,9,11.25,NO,2021-01-02 01:24:06,clear sky
516,Gizo,-8.1,156.84,85.46,66,89,4.61,SB,2021-01-02 01:15:00,overcast clouds
517,Cayenne,4.93,-52.33,75.2,100,20,2.24,GF,2021-01-02 01:16:56,few clouds
518,Gushikawa,26.35,127.87,62.6,67,90,8.05,JP,2021-01-02 01:24:07,overcast clouds
519,Alice Springs,-23.7,133.88,96.01,28,0,12.75,AU,2021-01-02 01:13:44,clear sky
520,Apatity,67.56,33.4,24.01,91,77,10.87,RU,2021-01-02 01:24:07,broken clouds
521,Kieta,-6.22,155.63,85.82,60,43,2.91,PG,2021-01-02 01:16:45,scattered clouds
522,Belmonte,-15.86,-38.88,77.0,78,40,5.82,BR,2021-01-02 01:16:21,scattered clouds
523,Bowen,-20.02,148.23,82.4,74,90,12.75,AU,2021-01-02 01:24:08,overcast clouds
524,Ede,52.03,5.66,39.2,100,90,6.93,NL,2021-01-02 01:24:08,mist
525,Puerto Del Rosario,28.5,-13.86,60.8,63,75,11.41,ES,2021-01-02 01:24:09,broken clouds
526,Katsuura,35.13,140.3,48.99,50,6,11.01,JP,2021-01-02 01:14:55,clear sky
527,Santa Cruz,-17.8,-63.17,77.0,83,63,3.36,BO,2021-01-02 01:24:09,broken clouds
528,Darhan,49.49,105.92,-11.29,87,71,2.84,MN,2021-01-02 01:24:09,snow
529,Okhotsk,59.38,143.3,-13.07,77,40,16.28,RU,2021-01-02 01:24:10,scattered clouds
530,Abu Dhabi,24.47,54.37,66.2,77,0,2.24,AE,2021-01-02 01:15:23,clear sky
531,Dzhida,50.68,106.18,-13.86,80,46,3.44,RU,2021-01-02 01:24:10,scattered clouds
532,Jumla,29.27,82.18,36.05,44,95,4.7,NP,2021-01-02 01:17:07,overcast clouds
533,Suntar,62.14,117.63,-18.53,86,100,7.16,RU,2021-01-02 01:24:11,overcast clouds
534,Arawa,-6.21,155.54,87.89,56,36,4.12,PG,2021-01-02 01:24:11,scattered clouds
535,Nishihara,26.18,127.76,62.6,72,75,18.34,JP,2021-01-02 01:24:11,broken clouds
536,Wajima,37.4,136.9,32.0,90,75,2.24,JP,2021-01-02 01:24:12,light shower snow
537,Adrar,20.5,-10.07,56.62,42,0,7.29,MR,2021-01-02 01:16:21,clear sky
538,Poum,-20.23,164.02,81.27,81,100,13.8,NC,2021-01-02 01:15:46,overcast clouds
539,Paramonga,-10.67,-77.83,68.97,87,100,7.07,PE,2021-01-02 01:24:12,overcast clouds
540,Elat,29.56,34.95,57.2,67,0,5.82,IL,2021-01-02 01:24:13,clear sky
541,Novo Aripuana,-5.12,-60.38,77.04,83,0,1.3,BR,2021-01-02 01:24:13,clear sky
542,Chabahar,25.29,60.64,61.9,31,46,8.19,IR,2021-01-02 01:24:13,scattered clouds
543,Kihei,20.79,-156.47,82.4,51,20,17.22,US,2021-01-02 01:24:13,few clouds
544,Jacareacanga,-6.22,-57.75,75.87,86,100,1.59,BR,2021-01-02 01:24:14,overcast clouds
545,Paamiut,61.99,-49.67,30.24,90,100,10.74,GL,2021-01-02 01:17:47,overcast clouds
546,Jamiltepec,16.28,-97.82,65.86,80,0,0.83,MX,2021-01-02 01:24:14,clear sky
547,Constitucion,-35.33,-72.42,58.86,76,0,12.95,CL,2021-01-02 01:15:27,clear sky
548,Whitehorse,60.72,-135.05,10.4,92,90,2.24,CA,2021-01-02 01:21:22,light snow
549,Aktash,50.3,87.73,-17.41,88,100,1.9,RU,2021-01-02 01:24:15,overcast clouds
550,Inverell,-29.78,151.12,82.99,56,98,3.0,AU,2021-01-02 01:24:15,overcast clouds
551,Kiruna,67.86,20.23,17.6,100,99,2.24,SE,2021-01-02 01:19:31,light snow
552,Shenzhen,22.55,114.07,53.01,33,0,5.84,CN,2021-01-02 01:24:16,clear sky
553,Tezu,27.92,96.17,57.56,34,67,3.56,IN,2021-01-02 01:24:16,broken clouds
554,Zhangjiakou,40.81,114.88,9.07,79,0,4.36,CN,2021-01-02 01:21:00,clear sky
555,Opuwo,-18.06,13.84,70.38,50,100,0.76,NA,2021-01-02 01:24:17,overcast clouds
556,Vorontsovka,50.61,40.35,34.09,95,100,13.49,RU,2021-01-02 01:24:17,light rain
557,Uddevalla,58.35,11.94,33.8,94,90,2.24,SE,2021-01-02 01:24:17,overcast clouds
558,Chulym,55.1,80.96,-30.6,85,55,4.29,RU,2021-01-02 01:24:17,broken clouds
559,Ust-Uda,54.17,103.03,-22.36,86,91,0.83,RU,2021-01-02 01:24:18,overcast clouds
560,Chapulhuacan,21.17,-98.9,53.83,95,99,1.03,MX,2021-01-02 01:24:18,overcast clouds
561,Vardo,70.37,31.11,30.81,95,94,17.22,NO,2021-01-02 01:15:37,overcast clouds
562,Nizwa,22.93,57.53,52.47,69,0,3.18,OM,2021-01-02 01:19:30,clear sky
563,Pitkyaranta,61.57,31.48,34.72,98,100,9.01,RU,2021-01-02 01:24:19,light snow
564,Notodden,59.56,9.26,30.99,1,80,4.68,NO,2021-01-02 01:24:19,broken clouds
565,Sorland,67.67,12.69,40.55,69,26,9.28,NO,2021-01-02 01:17:23,scattered clouds
566,Port Blair,11.67,92.75,78.8,88,40,5.82,IN,2021-01-02 01:16:29,mist
567,Matara,5.95,80.54,73.87,91,100,3.96,LK,2021-01-02 01:24:20,overcast clouds
568,Genhe,50.78,121.52,-20.38,83,90,2.59,CN,2021-01-02 01:24:20,light snow
569,Mandera,3.94,41.87,76.8,67,100,12.44,KE,2021-01-02 01:24:20,overcast clouds
570,Ekhabi,53.51,142.97,-10.44,87,100,19.71,RU,2021-01-02 01:24:21,overcast clouds
571,Hit,33.64,42.83,53.67,43,0,4.92,IQ,2021-01-02 01:24:21,clear sky
572,Inuvik,68.35,-133.72,-11.2,76,0,4.7,CA,2021-01-02 01:16:27,clear sky
573,Khani,41.96,42.96,35.6,74,0,5.82,GE,2021-01-02 01:24:22,clear sky
574,Tucupita,9.06,-62.05,72.3,98,78,2.93,VE,2021-01-02 01:24:22,broken clouds
575,Cururupu,-1.83,-44.87,77.31,87,100,2.91,BR,2021-01-02 01:16:53,overcast clouds
576,Plettenberg Bay,-34.05,23.37,58.98,68,0,5.57,ZA,2021-01-02 01:24:22,clear sky
577,Outlook,51.5,-107.05,23.0,84,100,3.36,CA,2021-01-02 01:24:23,overcast clouds
578,Riyadh,24.69,46.72,53.6,81,0,2.24,SA,2021-01-02 01:20:34,clear sky
579,Grootfontein,-19.57,18.12,66.69,89,100,3.15,NA,2021-01-02 01:16:15,moderate rain
580,Rawlins,41.79,-107.24,23.0,72,1,4.7,US,2021-01-02 01:24:24,clear sky
581,Komsomolskiy,40.43,71.72,21.2,92,90,2.24,UZ,2021-01-02 01:18:04,fog
582,Kindu,-2.95,25.95,68.5,97,100,1.92,CD,2021-01-02 01:24:24,light rain
583,Kokopo,-4.35,152.26,84.99,59,86,3.51,PG,2021-01-02 01:17:54,overcast clouds
584,Rominimbang,7.5,124.3,73.17,87,100,1.63,PH,2021-01-02 01:24:25,overcast clouds
585,Xian,34.26,108.93,33.01,63,58,6.71,CN,2021-01-02 01:23:34,broken clouds
586,Padang,-0.95,100.35,77.0,88,40,1.12,ID,2021-01-02 01:15:39,scattered clouds
587,Lahaina,20.88,-156.68,82.4,57,20,13.87,US,2021-01-02 01:17:23,few clouds
588,Aksarayskiy,46.79,48.01,33.8,74,75,6.71,RU,2021-01-02 01:24:26,broken clouds
589,Ahuimanu,21.44,-157.84,80.6,65,75,16.11,US,2021-01-02 01:17:35,broken clouds
590,Keta,5.92,0.99,82.4,83,40,8.05,GH,2021-01-02 01:24:26,scattered clouds
591,Wasilla,61.58,-149.44,6.8,84,1,2.39,US,2021-01-02 01:24:27,clear sky
592,Kyabe,9.45,18.94,74.16,29,100,3.98,TD,2021-01-02 01:24:27,overcast clouds
593,Voskresenskoye,56.84,45.43,21.07,97,100,7.11,RU,2021-01-02 01:24:28,overcast clouds
594,Shahr-E Kord,32.33,50.86,17.6,92,0,2.24,IR,2021-01-02 01:24:28,clear sky
595,Rafraf,37.19,10.18,50.0,70,0,3.36,TN,2021-01-02 01:24:28,clear sky
596,Nagato,34.38,131.2,42.8,68,75,3.36,JP,2021-01-02 01:24:28,light intensity shower rain
597,Ardesen,41.19,40.99,48.2,49,0,20.8,TR,2021-01-02 01:24:29,clear sky
598,Nalut,30.33,10.85,49.42,49,0,8.32,LY,2021-01-02 01:24:29,clear sky
599,Umm Kaddadah,13.6,26.69,64.11,25,100,14.16,SD,2021-01-02 01:24:30,overcast clouds
600,Dingle,11.0,122.67,80.02,84,100,11.86,PH,2021-01-02 01:17:45,overcast clouds
601,Progreso,21.28,-89.67,82.4,69,90,5.82,MX,2021-01-02 01:24:30,moderate rain
602,Lesogorsk,56.05,99.51,-25.01,85,7,1.79,RU,2021-01-02 01:24:30,clear sky
603,Gat,31.61,34.76,57.0,82,97,2.24,IL,2021-01-02 01:17:00,overcast clouds
604,Kuruman,-27.45,23.43,72.0,77,100,26.98,ZA,2021-01-02 01:24:31,light rain
605,Columbus,39.96,-83.0,48.2,100,90,12.75,US,2021-01-02 01:20:44,overcast clouds
606,Ola,59.58,151.28,-11.6,80,0,11.97,RU,2021-01-02 01:24:32,clear sky
607,Sibenik,43.73,15.91,52.0,81,100,14.99,HR,2021-01-02 01:24:32,light intensity shower rain
608,Ebolowa,2.9,11.15,69.94,96,100,2.35,CM,2021-01-02 01:24:32,overcast clouds
609,Marrakesh,31.63,-8.01,44.6,70,0,4.7,MA,2021-01-02 01:22:59,clear sky
610,Christchurch,-43.53,172.63,64.99,93,100,8.05,NZ,2021-01-02 01:23:29,moderate rain
611,Yarmouth,41.71,-70.23,41.0,74,75,9.01,US,2021-01-02 01:24:33,broken clouds
612,Bethanien,-26.5,17.16,72.73,44,0,3.42,NA,2021-01-02 01:24:33,clear sky
613,Vila Velha,-20.33,-40.29,78.8,74,0,10.29,BR,2021-01-02 01:12:59,clear sky
614,Yenagoa,4.92,6.26,76.71,93,4,3.58,NG,2021-01-02 01:24:34,clear sky
615,Kysyl-Syr,63.9,122.76,-20.76,86,100,6.58,RU,2021-01-02 01:17:38,overcast clouds
616,Canberra,-35.28,149.13,71.01,59,90,9.17,AU,2021-01-02 01:24:35,overcast clouds
617,Cicero Dantas,-10.6,-38.38,69.8,91,5,7.78,BR,2021-01-02 01:24:35,clear sky
618,Mahajanga,-15.72,46.32,77.0,88,20,3.36,MG,2021-01-02 01:16:41,few clouds
619,Poopo,-18.37,-66.97,55.35,52,91,6.73,BO,2021-01-02 01:24:36,overcast clouds
620,Yarada,17.65,83.27,62.6,100,93,2.24,IN,2021-01-02 01:24:36,mist
621,Mandan,46.83,-100.89,32.0,91,1,9.17,US,2021-01-02 01:23:02,clear sky
622,Pangai,-19.8,-174.35,82.4,83,75,11.41,TO,2021-01-02 01:17:39,moderate rain
623,Jaguaribe,-5.89,-38.62,78.89,72,100,10.8,BR,2021-01-02 01:24:37,overcast clouds
624,Shalazhi,43.1,45.36,28.4,92,90,4.47,RU,2021-01-02 01:24:37,fog
625,Logstor,56.96,9.26,34.0,98,0,5.64,DK,2021-01-02 01:24:38,clear sky
626,Ewa Beach,21.32,-158.01,84.2,51,40,12.75,US,2021-01-02 01:17:24,scattered clouds
627,Formosa,-26.18,-58.18,73.4,94,0,5.82,AR,2021-01-02 01:24:38,clear sky
628,Barra Do Garcas,-15.89,-52.26,77.61,66,18,3.83,BR,2021-01-02 01:23:19,few clouds
629,Central Point,42.38,-122.92,46.4,81,90,8.05,US,2021-01-02 01:24:39,light rain
630,Rapid City,44.08,-103.23,37.4,55,1,5.39,US,2021-01-02 01:24:40,clear sky
631,Kiunga,-6.12,141.29,85.53,70,100,3.56,PG,2021-01-02 01:24:40,overcast clouds
632,Ulaangom,49.98,92.07,-16.02,88,99,0.81,MN,2021-01-02 01:24:40,overcast clouds
633,Eyemouth,55.87,-2.09,32.0,90,66,10.51,GB,2021-01-02 01:24:40,broken clouds
634,Wiang Sa,8.64,99.37,77.0,99,87,4.76,TH,2021-01-02 01:24:41,overcast clouds
635,Lucea,18.45,-78.17,78.8,74,20,6.93,JM,2021-01-02 01:24:41,few clouds
636,Galveston,29.37,-94.97,53.01,62,1,9.17,US,2021-01-02 01:24:41,clear sky
637,Ouallam,14.32,2.09,74.34,19,0,6.15,NE,2021-01-02 01:24:41,clear sky
638,Los Llanos De Aridane,28.66,-17.92,60.8,77,90,9.17,ES,2021-01-02 01:17:57,overcast clouds
639,Luganville,-15.53,167.17,84.2,79,75,3.36,VU,2021-01-02 01:16:22,broken clouds
640,Badulla,6.99,81.06,67.57,91,100,5.3,LK,2021-01-02 01:24:42,overcast clouds
641,Deputatskiy,69.3,139.9,-33.18,86,92,0.94,RU,2021-01-02 01:15:00,overcast clouds
642,Darnah,32.77,22.64,58.32,40,97,11.77,LY,2021-01-02 01:24:43,overcast clouds
643,Asuncion Ocotlan,16.77,-96.72,73.4,31,75,6.93,MX,2021-01-02 01:24:43,broken clouds
644,Quanzhou,24.91,118.59,48.2,70,75,2.24,CN,2021-01-02 01:24:43,broken clouds
645,Sokolo,14.73,-6.12,74.64,25,0,10.11,ML,2021-01-02 01:16:30,clear sky
646,Cuenca,-2.88,-78.98,59.0,87,100,2.24,EC,2021-01-02 01:21:16,overcast clouds
647,Hobyo,5.35,48.53,75.38,76,88,16.08,SO,2021-01-02 01:24:44,overcast clouds
648,Flin Flon,54.77,-101.86,15.8,85,90,2.24,CA,2021-01-02 01:15:45,light snow
649,Dalvik,65.97,-18.53,28.4,79,40,3.36,IS,2021-01-02 01:15:44,scattered clouds
650,Batticaloa,7.71,81.69,76.55,86,100,6.69,LK,2021-01-02 01:24:45,overcast clouds
651,Kununurra,-15.77,128.73,91.4,59,41,10.29,AU,2021-01-02 01:15:37,scattered clouds
652,Heyang,26.1,107.47,38.55,74,62,1.43,CN,2021-01-02 01:24:46,broken clouds
653,Soe,-9.86,124.28,78.4,77,63,2.86,ID,2021-01-02 01:24:46,light rain
654,Emba,48.83,58.14,11.64,93,100,7.87,KZ,2021-01-02 01:24:46,overcast clouds
655,Venado Tuerto,-33.75,-61.97,76.87,23,0,7.36,AR,2021-01-02 01:24:46,clear sky
656,Korla,41.76,86.15,14.45,91,78,2.01,CN,2021-01-02 01:17:02,broken clouds
657,Nongstoin,25.52,91.27,46.35,46,100,3.49,IN,2021-01-02 01:24:47,overcast clouds
658,Kolokani,13.57,-8.03,73.67,27,0,7.85,ML,2021-01-02 01:24:13,clear sky
659,Huainan,32.63,117.0,33.85,84,5,3.4,CN,2021-01-02 01:20:14,clear sky
660,Odweyne,9.41,45.06,65.1,71,100,1.1,SO,2021-01-02 01:17:36,overcast clouds
661,Port Macquarie,-31.43,152.92,78.01,73,100,1.99,AU,2021-01-02 01:16:59,overcast clouds
662,Biak,-0.91,122.88,83.05,68,81,0.54,ID,2021-01-02 01:17:58,light rain
663,Alekseyevsk,57.84,108.35,-28.37,82,100,5.5,RU,2021-01-02 01:24:49,overcast clouds
664,Diego De Almagro,-26.37,-70.05,62.49,50,0,2.04,CL,2021-01-02 01:24:50,clear sky
665,Vostok,46.49,135.88,-15.52,83,20,4.45,RU,2021-01-02 01:17:05,few clouds
666,Santa Rosa,14.31,121.11,81.0,69,20,8.05,PH,2021-01-02 01:15:37,few clouds
667,Basco,20.45,121.97,71.42,78,74,26.64,PH,2021-01-02 01:24:50,broken clouds
668,Cangzhou,38.32,116.87,23.92,81,0,3.76,CN,2021-01-02 01:24:51,clear sky
669,Diebougou,10.97,-3.25,75.83,21,0,3.67,BF,2021-01-02 01:24:51,clear sky
670,Bichura,50.59,107.6,-10.05,83,65,5.01,RU,2021-01-02 01:24:51,light snow
671,Akhty,41.46,47.73,41.77,46,9,3.83,RU,2021-01-02 01:24:51,clear sky
